text,url
intergovernmental organization,https://en.wikipedia.org/wiki/Intergovernmental_organization
Colombo,https://en.wikipedia.org/wiki/Colombo
Ceylon,https://en.wikipedia.org/wiki/Ceylon
Sri Lanka,https://en.wikipedia.org/wiki/Sri_Lanka
Australia,https://en.wikipedia.org/wiki/Australia
United Kingdom,https://en.wikipedia.org/wiki/United_Kingdom
Canada,https://en.wikipedia.org/wiki/Canada
Ceylon,https://en.wikipedia.org/wiki/Ceylon
Pakistan,https://en.wikipedia.org/wiki/Pakistan
New Zealand,https://en.wikipedia.org/wiki/New_Zealand
Ceylon,https://en.wikipedia.org/wiki/Ceylon
India,https://en.wikipedia.org/wiki/India
United States,https://en.wikipedia.org/wiki/United_States
memorandum of understanding,https://en.wikipedia.org/wiki/Memorandum_of_understanding
privileges,https://en.wikipedia.org/wiki/Diplomatic_privileges
immunities,https://en.wikipedia.org/wiki/Diplomatic_immunity
Dato',https://en.wikipedia.org/wiki/Dato%27
Asia-Pacific,https://en.wikipedia.org/wiki/Asia-Pacific
Capacity Building,https://en.wikipedia.org/wiki/Capacity_Building
Manila,https://en.wikipedia.org/wiki/Manila
Dr Sanduk Ruit,https://en.wikipedia.org/wiki/Sanduk_Ruit
Dr. Baburam Bhattarai,https://en.wikipedia.org/wiki/Baburam_Bhattarai
Ong Teng Cheong,https://en.wikipedia.org/wiki/Ong_Teng_Cheong
Karunasena Kodituwakku,https://en.wikipedia.org/wiki/Karunasena_Kodituwakku
Khaw Boon Wan,https://en.wikipedia.org/wiki/Khaw_Boon_Wan
Raymond Lim,https://en.wikipedia.org/wiki/Raymond_Lim
Yeo Cheow Tong,https://en.wikipedia.org/wiki/Yeo_Cheow_Tong
S. Iswaran,https://en.wikipedia.org/wiki/S._Iswaran
Mah Bow Tan,https://en.wikipedia.org/wiki/Mah_Bow_Tan
Abdul Ghani Bin Othman,https://en.wikipedia.org/wiki/Abdul_Ghani_Othman
Mazlan Othman,https://en.wikipedia.org/wiki/Mazlan_Othman
United Nations Office for Outer Space Affairs,https://en.wikipedia.org/wiki/United_Nations_Office_for_Outer_Space_Affairs
Joseph Pairin Kitingan,https://en.wikipedia.org/wiki/Joseph_Pairin_Kitingan
Dr. K.V. Thiruvengadam,https://en.wikipedia.org/wiki/K._Vardachari_Thiruvengadam
"Mapatunage James ""M. J."" Perera",https://en.wikipedia.org/wiki/M._J._Perera
Radio Ceylon,https://en.wikipedia.org/wiki/Radio_Ceylon
Livy Wijemanne,https://en.wikipedia.org/wiki/Livy_Wijemanne
J. Soedjati Djiwandono,https://en.wikipedia.org/wiki/J._Soedjati_Djiwandono
Centre for Strategic and International Studies,https://en.wikipedia.org/wiki/Centre_for_Strategic_and_International_Studies
Jakarta,https://en.wikipedia.org/wiki/Jakarta
Chellapilla Venkata Rao,https://en.wikipedia.org/wiki/Chellapilla_Venkata_Rao
Proteaceae,https://en.wikipedia.org/wiki/Proteaceae
Andhra University,https://en.wikipedia.org/wiki/Andhra_University
University of Tasmania,https://en.wikipedia.org/wiki/University_of_Tasmania
Boediono,https://en.wikipedia.org/wiki/Boediono
Adenan Bin Haji Satem,https://en.wikipedia.org/wiki/Adenan_Satem
Ananda Krishnan,https://en.wikipedia.org/wiki/Ananda_Krishnan
Communist,https://en.wikipedia.org/wiki/Communist
Afghanistan,https://en.wikipedia.org/wiki/Afghanistan
Australia,https://en.wikipedia.org/wiki/Australia
Bangladesh,https://en.wikipedia.org/wiki/Bangladesh
Bhutan,https://en.wikipedia.org/wiki/Bhutan
Brunei,https://en.wikipedia.org/wiki/Brunei
Republic of the Congo,https://en.wikipedia.org/wiki/Republic_of_the_Congo
Chile,https://en.wikipedia.org/wiki/Chile
Fiji,https://en.wikipedia.org/wiki/Fiji
India,https://en.wikipedia.org/wiki/India
Indonesia,https://en.wikipedia.org/wiki/Indonesia
Iran,https://en.wikipedia.org/wiki/Iran
Japan,https://en.wikipedia.org/wiki/Japan
South Korea,https://en.wikipedia.org/wiki/South_Korea
Laos,https://en.wikipedia.org/wiki/Laos
Malaysia,https://en.wikipedia.org/wiki/Malaysia
Maldives,https://en.wikipedia.org/wiki/Maldives
Mongolia,https://en.wikipedia.org/wiki/Mongolia
Myanmar,https://en.wikipedia.org/wiki/Myanmar
Nepal,https://en.wikipedia.org/wiki/Nepal
New Zealand,https://en.wikipedia.org/wiki/New_Zealand
Pakistan,https://en.wikipedia.org/wiki/Pakistan
Papua New Guinea,https://en.wikipedia.org/wiki/Papua_New_Guinea
Philippines,https://en.wikipedia.org/wiki/Philippines
Saudi Arabia,https://en.wikipedia.org/wiki/Saudi_Arabia
Rwanda,https://en.wikipedia.org/wiki/Rwanda
Singapore,https://en.wikipedia.org/wiki/Singapore
Sri Lanka,https://en.wikipedia.org/wiki/Sri_Lanka
Thailand,https://en.wikipedia.org/wiki/Thailand
United States,https://en.wikipedia.org/wiki/United_States
Vietnam,https://en.wikipedia.org/wiki/Vietnam
South Vietnam,https://en.wikipedia.org/wiki/South_Vietnam
Cambodia,https://en.wikipedia.org/wiki/Cambodia_(1953%E2%80%931970)
Socialist Republic of Vietnam,https://en.wikipedia.org/wiki/Vietnam
Canada,https://en.wikipedia.org/wiki/Canada
United Kingdom,https://en.wikipedia.org/wiki/United_Kingdom
Cambodia,https://en.wikipedia.org/wiki/Cambodia
South Vietnam,https://en.wikipedia.org/wiki/South_Vietnam
Greece,https://en.wikipedia.org/wiki/Greece
Tanzania,https://en.wikipedia.org/wiki/Tanzania
Italy,https://en.wikipedia.org/wiki/Italy
Colombo Plan Staff College,https://en.wikipedia.org/wiki/Colombo_Plan_Staff_College
Wayback Machine,https://en.wikipedia.org/wiki/Wayback_Machine
